index,user_prompt,유형,유형_예측,극성,극성_예측,시제,시제_예측,확실성,확실성_예측
0,이러한 선거제도는 정당 득표율과 의석수가 비례하지 않고 사표(死票)가 발생하는 등 민심을 제대로 반영하지 못한다는 지적이 나왔습니다.,대화형,추론형,긍정,부정,과거,과거,불확실,불확실
1,그들은 왜 그렇게 국적을 지키고 싶었을까.,대화형,대화형,긍정,긍정,과거,현재,불확실,불확실
2,문 대통령이 사전에도 없는 애매한 ＇고용 연장＇을 꺼내 말하고 싶었던 것은 이게 아니었을까.,대화형,추론형,긍정,긍정,과거,과거,불확실,불확실
3,두 사람의 공기 작업은 어떻게 시작됐을까.,대화형,대화형,긍정,긍정,과거,과거,불확실,불확실
4,웨지의 그루브가 한 달이면 닳아 없어질 정도로 많은 시간을 투자했다죠.,대화형,추론형,긍정,긍정,과거,과거,불확실,확실
5,이제 ＇쓰지 않는 김민정＇을 상상하기 어렵지만 첫 계시의 순간은 언제였을까.,대화형,대화형,긍정,긍정,과거,현재,불확실,확실
6,＂그때 제가 했던 수상 소감은 때늦은 게 아니었나 싶어요.＂,대화형,대화형,긍정,긍정,과거,과거,불확실,불확실
7,2013년부터 2019년까지 401K 수익률은 연평균 9.49%나 된다네요.,대화형,사실형,긍정,긍정,과거,과거,불확실,확실
8,2008년 광우병 사태가 떠올랐다면 지나친 비약일까.,대화형,대화형,긍정,긍정,과거,현재,불확실,불확실
9,두 동강이 나서 싸우고 있는 조국이 그렇게 소중했을까.,대화형,대화형,긍정,긍정,과거,현재,불확실,확실
10,궁금해진다 시인은 사직동을 포기하고 어디에 집을 얻었을까.,대화형,대화형,긍정,긍정,과거,현재,불확실,불확실
11,"공공의 이익을 위해서 봉사하겠다는 선한 마음으로 나선 사람이 대부분일 테지만, 불행히도 도둑놈도 껴 있는 경우도 있을 터.",대화형,추론형,긍정,부정,과거,현재,불확실,불확실
12,지역구 일에서 벗어나기가 얼마나 어려우면 이런 가상의 주인공까지 등장했을까?,대화형,대화형,긍정,긍정,과거,현재,불확실,불확실
13,조국은 그런 것일까.,대화형,대화형,긍정,긍정,과거,현재,불확실,불확실
14,왜 초기 대응에 실패했나.,대화형,대화형,긍정,긍정,과거,현재,불확실,확실
15,특히 이 부회장이 지난해 구속돼 있는 동안 미국 인텔과 대만 TSMC는 공격적으로 EUV 장비 확보에 나선 것으로 알려졌기 때문입니다.,대화형,추론형,긍정,긍정,과거,과거,불확실,불확실
0,반대로 지역구 당선 의원에 비해 전국적 지지율이 높은 정의당은 새 제도가 도입되면 의석수가 더 늘어날 것으로 예상됩니다.,대화형,예측형,긍정,긍정,미래,미래,불확실,불확실
1,극지방의 빙하가 녹아 뱃길이 열리면 물류 운송시간이 크게 단축된다는 것입니다.,대화형,추론형,긍정,긍정,미래,미래,불확실,확실
2,하지만 모두가 총을 소유할 수 있게 된 시대에는 총을 활용한 전술적 혁신이 더 중요해질 겁니다.,대화형,예측형,긍정,긍정,미래,미래,불확실,불확실
3,그리고 어드레스 라인과 퍼터 헤드가 정확하게 직각을 이루도록 돕고 스트로크를 할 때 퍼터 페이스가 열리거나 닫히는 단점도 고칠 수 있습니다.,대화형,추론형,긍정,긍정,미래,현재,불확실,확실
4,"이 애매하고 어정쩡한 둘 사이, 도대체 어떻게 설명해야 할까?",대화형,대화형,긍정,긍정,미래,현재,불확실,불확실
5,어떻게 지속가능한 비즈니스 구조를 만들까?,대화형,대화형,긍정,긍정,미래,현재,불확실,불확실
6,차라리 아무것도 안 하는게 돈을 버는 것일 수 있다는 생각을 갖도록 해야 하지 않을까.,대화형,대화형,긍정,긍정,미래,현재,불확실,불확실
7,그러나 비워서 만들어진 공간을 활용하는 것은 가능하지 않을까.,대화형,대화형,긍정,긍정,미래,현재,불확실,불확실
8,"비트코인이 1,100만원을 돌파할 가능성은 높지만, 만약 돌파에 실패할 경우 시장에 단기 조정이 찾아올 수 있습니다.",대화형,추론형,긍정,긍정,미래,미래,불확실,불확실
9,양손 개입을 최대한 줄이는 만큼 컨디션에 상관없이 언제나 원하는 방향으로 공을 날릴 수 있습니다.,대화형,추론형,긍정,긍정,미래,현재,불확실,확실
10,연동형 비례제로 소수 정당이 난립하면 복잡하고 다양한 이해관계가 생기기 때문에 갈등이 더 심해지고 정국이 불안정해질 수도 있습니다.,대화형,추론형,긍정,긍정,미래,미래,불확실,불확실
11,이러면 ＇스타트 라인＇에 대한 믿음과 자신감을 얻을 수 있습니다.,대화형,추론형,긍정,긍정,미래,현재,불확실,불확실
12,4차 산업혁명 관련 기업도 더욱 각광을 받을 테고요.,대화형,추론형,긍정,긍정,미래,미래,불확실,불확실
13,그래도 쓰러지지 않고 버티고 있으니 하늘에서 아버지가 기특하다고 생각하실 것 같아요.,대화형,추론형,긍정,긍정,미래,미래,불확실,불확실
14,재택근무가 확산될 것이고 의료 시스템과 원격진료에 대한 논의도 진지하게 시작되겠지요.,대화형,예측형,긍정,긍정,미래,미래,불확실,불확실
15,그리고 향후 10년의 승리는 기술을 마스터한 상태에서 전술적 혁신을 어떻게 구축할 수 있느냐에 달려 있을 겁니다.,대화형,예측형,긍정,긍정,미래,미래,불확실,불확실
16,그들을 어떻게 알아보고 걸러낼까.,대화형,대화형,긍정,긍정,미래,현재,불확실,불확실
17,삼성이 이미 반도체를 포함해 450조원 규모의 투자 계획을 발표한 만큼 EUV 장비도 적극적으로 구매할 것으로 보이기 때문입니다.,대화형,추론형,긍정,긍정,미래,미래,불확실,불확실
18,＂저는 곧 깨어나서 이 모든 것이 꿈이라는 걸 알게 되겠죠.＂,대화형,대화형,긍정,긍정,미래,미래,불확실,불확실
19,코로나19 등으로 인해 미국 경제가 나빠지면 연준이 금리를 내릴 거라는 예상입니다.,대화형,추론형,긍정,부정,미래,미래,불확실,불확실
20,"지난해 10월과 11월에도 강한 매물 구간으로 작용했던 자리이기에 1,000만원대까지 조정이 나올 수도 있습니다.",대화형,추론형,긍정,긍정,미래,미래,불확실,불확실
21,이번 사태로 스포트라이트를 받은 의료장비나 바이오 기업은 새로운 기회를 얻을 것 같습니다.,대화형,추론형,긍정,긍정,미래,미래,불확실,불확실
0,＂노인일자리 비판은 60만명이 넘는 빈곤노인을 그냥 방치하자는 것이냐.＂,대화형,대화형,긍정,긍정,현재,현재,불확실,확실
1,요즘 인기 있는 여행지들의 공통적인 특징인 ＇인생샷＇에 대한 그의 철학과 혜안이 오늘의 남이섬을 있게 하지 않았을까.,대화형,추론형,긍정,긍정,현재,과거,불확실,불확실
2,＇상사 뒷담화＇나 ＇회사 기밀 내용＇이 녹음·녹화되는 일은 없을까.,대화형,대화형,긍정,긍정,현재,현재,불확실,불확실
3,"안용복, 생몰미상이 없었다면 오늘날 우리가 과연 독도의 소유권을 주장할 수 있었을까.",대화형,대화형,긍정,긍정,현재,현재,불확실,불확실
4,하이프 머신의 힘은 얼마나 강력할까.,대화형,대화형,긍정,긍정,현재,현재,불확실,불확실
5,＂볼을 맞힌다는 생각을 버리고 ＇지나간다＇는 생각을 하며 드라이버를 휘두르면 자연스럽게 거리가 늘어난다. 그리고 임팩트 이후까지 헤드 스피드가 가속되면 피니시 동작은 자연스럽게 나오게 된다＂고 하네요.,대화형,대화형,긍정,긍정,현재,현재,불확실,확실
6,"＂오른 팔꿈치가 뒤로 빠지거나 몸 안쪽에 위치한 상태라면 다운스윙을 정상적으로 할 수 없어 손목을 쓰거나 몸을 쓰게 된다, 당연히 정타와 장타 모두 잃게 된다＂고도 덧붙입니다.",대화형,대화형,긍정,긍정,현재,현재,불확실,확실
7,세계 최고 교육 수준 덕분에 범죄 유형도 몸보다 머리를 쓰는 쪽으로 진화했다고 위안을 삼아야 할까.,대화형,대화형,긍정,긍정,현재,현재,불확실,불확실
8,마늘꽃이 얼마나 예쁘면 도로변에 경관 식물로 재배하는 곳까지 생겼을까.,대화형,대화형,긍정,긍정,현재,현재,불확실,확실
9,"＂1차 검사는 음성, 재검 시 양성이 나오는 이유는?＂",대화형,대화형,긍정,긍정,현재,현재,불확실,확실
10,＂보통 수준의 면역력을 지닌 성인 치료는?＂,대화형,대화형,긍정,긍정,현재,현재,불확실,확실
11,준공 10년이 넘은 아파트가건폐율이 높다는 이유로인근 새 아파트 못지않게시세가 형성되기도 합니다.,대화형,추론형,긍정,긍정,현재,현재,불확실,확실
12,"비트코인이 큰 조정을 보이지만 않는다면, 당분간 마이너 알트코인도 강세를 보일 가능성이 높습니다.",대화형,추론형,긍정,긍정,현재,미래,불확실,불확실
13,우곡생주를 잘 팔면 아버지에 대한 빚은 갚을 수 있겠죠.,대화형,추론형,긍정,긍정,현재,미래,불확실,불확실
14,우리는 눈(雪)을 잃어가고 있는 것인가.,대화형,대화형,긍정,긍정,현재,현재,불확실,불확실
15,"말로 하기 전에 느낌부터 전해지는 것, 논리보다 앞서 가슴 찡한 느낌으로 오는 것, 그것이 조국일까?",대화형,대화형,긍정,긍정,현재,현재,불확실,불확실
16,한국 정치가 극한 험지처럼 보일 때가 없지 않지만 그렇다고 오지 탐험과 보수혁신은 무슨 상관인가.,대화형,대화형,긍정,긍정,현재,현재,불확실,확실
17,매일 솜씨 좋은 정원사가 가위질을 해도 어찌 저런 단정함이 나올 수 있을까?,대화형,대화형,긍정,긍정,현재,현재,불확실,불확실
18,이렇게 볕 좋은 날 상의라도 벗고 바위에 누워 일광욕을 즐길 수 있다면 얼마나 좋을까.,대화형,대화형,긍정,긍정,현재,현재,불확실,불확실
19,거대한 우주와 나밖에 없는 꼭지점에 서 본 사람은 이미 해탈에 든 자가 아닐까?,대화형,대화형,긍정,긍정,현재,현재,불확실,불확실
20,위성이 행성으로부터 독립하려다 좌절된 슬픈 스토리부터 생각해보자.,대화형,추론형,긍정,긍정,현재,현재,불확실,확실
21,그럼에도 불구하고 부득이 하게 보험계약을 파기해야 하는 소비자들을 위한 현명한 해약법은 뭘까.,대화형,대화형,긍정,긍정,현재,현재,불확실,불확실
22,이렇게 내 삶에서 정리라는 단어를 영원히 떠나보내야 하는 걸까.,대화형,대화형,긍정,긍정,현재,현재,불확실,불확실
23,"코로나19로 인해 세계 경제에 불안함이 감도는 가운데, 많은 이들이 궁금해하는 미스터리 중 하나가 ＇왜 미국 주식시장만 올라가느냐＇인 것 같습니다.",대화형,대화형,긍정,긍정,현재,현재,불확실,불확실
24,"잘 좀 써보려고 해도 복잡하기 짝이 없는, 하지만 남녀노소 누구나 꼭 필요한 이 필수품에 대해 간단하고 확실하게 정리해보자.",대화형,,긍정,,현재,,불확실,
25,"한국게임미디어협회(KGMA) 신년기획 10부작 게임질병 코드 어떻게 볼 것인가 1부, 왜 게임은 탄압받는가?",대화형,대화형,긍정,긍정,현재,현재,불확실,확실
26,중국정부가 모바일 결제가 안착하고 현금을 쓰지 않는 현 상황에서 디지털 화폐를 만드는 이유는 무엇일까.,대화형,대화형,긍정,긍정,현재,현재,불확실,불확실
27,"＇ICO 금지령＇ 피해 효율적이고 재빠르게 법인을 만들어야 했던 프로젝트들왜 전통 주식시장의 상장사들에 비해 주식이 소수에 집중되어 있고, 주식 수도 지나치게 적은 것일까요.",대화형,대화형,긍정,긍정,현재,현재,불확실,확실
28,"노후를 책임져야 할 3층 연금 중 한 축인 퇴직연금이 이리 비실대니, 노후 걱정 안 하고 사는 것은 ＇먼 나라 얘기＇ 같을 테죠.",대화형,추론형,긍정,부정,현재,현재,불확실,불확실
29,＂그 좁은 데서 어떻게 같이 지내요?＂,대화형,대화형,긍정,긍정,현재,현재,불확실,확실
30,＂백스윙을 하면서 오른 팔꿈치를 ＇ㄴ＇자 모양으로 유지하며 그대로 몸을 회전시키면 된다. 사실 유연성이 필요해 집에서 연습하기에 아주 좋다. 백스윙 모양만 잘 만들었다면 이후 동작은 크게 신경 쓰지 않아도 된다. ＇몸이 먼저 돌고 손은 따라간다＇는 생각만 하면 된다＂고 설명합니다.,대화형,대화형,긍정,긍정,현재,현재,불확실,확실
31,연동형 비례대표제가 무엇인가요.,대화형,대화형,긍정,긍정,현재,현재,불확실,확실
32,제1야당인 자유한국당이 이 제도를 반대하는 이유는 무엇인가요.,대화형,대화형,긍정,긍정,현재,현재,불확실,확실
33,"물론, 거래량이 받쳐주는 메이저 알트코인은 최소 1회 이상 급등할 가능성이 높습니다.",대화형,추론형,긍정,긍정,현재,미래,불확실,불확실
34,한국 추상화 선구자인 김환기의 푸른 점화 ＇우주(Universe) 05-IV-71 #200＇은 지금 어디에 있을까?,대화형,대화형,긍정,긍정,현재,현재,불확실,불확실
35,＂대규모 신도시가 조성되면 온통 토지 보상에 관심이 쏠립니다.＂,대화형,추론형,긍정,긍정,현재,미래,불확실,확실
36,＂치료제가 없는데 입원하면 어떤 치료를 받나?＂,대화형,대화형,긍정,긍정,현재,현재,불확실,불확실
37,아니면 혹시 세무조사가 두려워 구입 사실을 숨기는 것일까?,대화형,대화형,긍정,긍정,현재,현재,불확실,불확실
38,그런데 책 제목이 왜 그럴까?,대화형,대화형,긍정,긍정,현재,현재,불확실,불확실
39,예를 들어 건폐율이 20%라면 대지의 20%만 건물이라는 이야기죠.,대화형,대화형,긍정,긍정,현재,현재,불확실,확실
40,"만족도 1000% 울산바위 등산을 마치고 내려오는 하산길에 언제 다시 이곳을 오를 수 있을까, 라는 상투적 생각도 들었지만, 자꾸 뒤돌아 보게 하는 힘은 과연 무엇일까?",대화형,대화형,긍정,긍정,현재,현재,불확실,불확실
41,"＇자유한국당은 뭐하나, 이런 사람 영입 안 하고.＇",대화형,대화형,긍정,긍정,현재,현재,불확실,확실
42,늘 ＇투기꾼 탓＇과 ＇전 정부 탓＇을 하다 보니 그 변명이 자기확증편향에 빠져들어 과잉 유동성 축소나 주택공급 확대 등 시장에 필요한 정책은 소홀한 것이 아닐까?,대화형,대화형,긍정,긍정,현재,현재,불확실,불확실
43,운영 권한을 얻지는 못했지만 실제 자금줄을 보탠 일반 투자자들은 얼마나 정확하고 투명한 정보를 얻고 있는 것일까요.,대화형,대화형,긍정,긍정,현재,현재,불확실,불확실
0,과연 공주와 단종의 유복자는 관노의 삶을 살았을까.,대화형,대화형,미정,긍정,과거,현재,불확실,불확실
1,＇국보 1호＇ 숭례문 현판은 과연 누가 썼을까?,대화형,대화형,미정,긍정,과거,현재,불확실,불확실
2,그러나 20세기 초반 미국인들을 더 큰 공포로 몰아넣은 것은 1929년의 대공황이 아니었을까.,대화형,추론형,미정,긍정,과거,과거,불확실,불확실
3,대테러 작전이라지만 전쟁을 불사할 만큼 그렇게 긴박한 상황이었을까?,대화형,대화형,미정,긍정,과거,현재,불확실,불확실
4,독일 출신 베네딕토 16세와 아르헨티나 출신 프란치스코 교황 사이엔 어떤 일이 있었을까.,대화형,대화형,미정,긍정,과거,현재,불확실,불확실
5,볼일을 보고 꼭지만 누르면 그걸로 끝이라고 믿었는가.,대화형,대화형,미정,긍정,과거,현재,불확실,확실
6,서방 학자들이 흔히 범하는 희망적 사고나 확증 편향 오류였을까.,대화형,대화형,미정,긍정,과거,현재,불확실,불확실
7,그러면 그중에서 가장 효험이 좋았던 온천은 어디일까.,대화형,,미정,,과거,,불확실,
8,까마득 잊고 살았던 걸까.,대화형,대화형,미정,긍정,과거,현재,불확실,불확실
9,그렇다면 조선군은 형편없는 겁쟁이였을까?,대화형,대화형,미정,긍정,과거,현재,불확실,불확실
0,한국인 경제력의 25분의 1에 불과한 북한 주민이 정말 인구절벽에 선 대한민국의 마지막 희망인 것일까.,대화형,대화형,미정,긍정,미래,현재,불확실,불확실
1,＂5G와 인공지능(AI)의 진화가 가져올 미래는 어떤 모습일까.＂,대화형,대화형,미정,긍정,미래,현재,불확실,불확실
2,패스트푸드 시장은 앞으로 어떻게 될까.,대화형,대화형,미정,긍정,미래,미래,불확실,불확실
3,불안과 위험스러운 환경이 인간의 뇌로 하여금 편리함과 안전을 선택하게 만드는 미래 사회는 과연 어떠한 모습일까.,대화형,대화형,미정,긍정,미래,현재,불확실,불확실
4,남자와 여자는 친구가 될 수 있을까?,대화형,대화형,미정,긍정,미래,현재,불확실,불확실
5,＂성동구청과 성동경찰서를 옮겨 왕십리광장과 왕십리역 일대에 비즈니스 타운을 조성할 계획입니다.＂,대화형,예측형,미정,긍정,미래,미래,불확실,불확실
6,"＇시베리아 역병＇의 사례처럼 우리가 이미 알고 있던 감염병, 혹은 신종 감염병이 동물을 매개로, 혹은 직접 접촉을 통해 전 세계로 확산할 수 있습니다.",대화형,,미정,,미래,,불확실,
7,토론토 블루제이스 1선발로 2020년 메이저리그를 시작하는 류현진(33)의 올해 성적표는 어떨까.,대화형,대화형,미정,긍정,미래,현재,불확실,불확실
8,＂임신부가 감염되면 임신 경과에 어떤 영향을 미치나?＂,대화형,대화형,미정,긍정,미래,현재,불확실,불확실
9,그런데 과연 푸드테크협의회에서 대기업과 스타트업 간 협력이 가능할까.,대화형,대화형,미정,긍정,미래,현재,불확실,불확실
10,어린애들까지 1인당 10만원씩 나눠 쓴다고 과연 얼마나 소비 진작 효과가 생길까.,대화형,대화형,미정,긍정,미래,현재,불확실,불확실
11,한일 관광산업이 직면한 문제의 해법을 한일 협력에서 찾아보는 것은 어떨까.,대화형,,미정,,미래,,불확실,
12,산속에서 호환을 피할 수는 없을까.,대화형,대화형,미정,긍정,미래,현재,불확실,불확실
13,언제쯤 코로나19 관련 기사를 쓰지 않아도 되는 날이 올까요.,대화형,대화형,미정,긍정,미래,미래,불확실,불확실
14,＂확진된 영아 옷과 침구류는 재사용이 가능한가?＂,대화형,대화형,미정,긍정,미래,현재,불확실,불확실
15,＂확진된 산모와 신생아가 같은 방에서 지내도 되나?＂,대화형,대화형,미정,긍정,미래,현재,불확실,불확실
16,PC나 스마트폰이 버벅일 때 어떻게 하는가?,대화형,대화형,미정,긍정,미래,현재,불확실,확실
17,"＂네트워크를 업그레이드할 때마다, 새 시즌이 될 때마다 고객에게도 또 다른 서비스를 드려야 하지 않을까요?＂",대화형,대화형,미정,긍정,미래,현재,불확실,불확실
18,＂확진 임신부가 태아나 신생아에게 코로나를 전염시킬 수 있나?＂,대화형,대화형,미정,긍정,미래,현재,불확실,불확실
19,"또 빙하나 동토가 녹은 물이 토양을 오염시키거나, 강과 호수 등 식수원에 유입될 가능성도 있습니다.",대화형,추론형,미정,부정,미래,미래,불확실,불확실
20,"하지만, 뇌가소성(neuro-plasticity)의 효과일까.",대화형,대화형,미정,긍정,미래,현재,불확실,불확실
21,＂모유 수유로 영아에게 코로나가 전염될 위험은?＂,대화형,대화형,미정,긍정,미래,현재,불확실,불확실
0,＂새로 개발된 코로나19 검사법은?＂,대화형,대화형,미정,긍정,현재,현재,불확실,불확실
1,그래도 막상 그곳을 떠올린다면 다르지 않을까.,대화형,추론형,미정,긍정,현재,현재,불확실,불확실
2,공짜로 돈을 나눠주겠다는 데 반대할 도민이 과연 있을까.,대화형,대화형,미정,긍정,현재,현재,불확실,불확실
3,국가의 미래가 좌우될 만큼 중요한 자리에 자신이 나서서 일하겠다고 나선 사람들은 누구일까.,대화형,대화형,미정,긍정,현재,현재,불확실,확실
4,국내 유통공룡들은 어떤 생존 전략을 준비하고 있나.,대화형,,미정,,현재,,불확실,
5,세종시 아파트가 들썩거리는 이유는 무엇일까.,대화형,대화형,미정,긍정,현재,현재,불확실,불확실
6,그렇다면 조선 최고의 명문가는 어딜까.,대화형,대화형,미정,긍정,현재,현재,불확실,불확실
7,그런데 현실은 어떨까?,대화형,대화형,미정,긍정,현재,현재,불확실,불확실
8,"＂무모한 돈키호테인가, 용감한 영웅인가?＂.",대화형,대화형,미정,긍정,현재,현재,불확실,불확실
9,＂기존에 설치된 제품과의 차이점은?＂,대화형,대화형,미정,긍정,현재,현재,불확실,확실
10,"AI가 바리스타와 바둑기사가 되어 곳곳에서 사람을 밀어내는 지금, ＇인간다움＇이란 어디에 있을까.",대화형,대화형,미정,긍정,현재,현재,불확실,확실
11,＂코로나19로 확진된 영아도 마스크를 착용해야 하나?＂,대화형,대화형,미정,긍정,현재,현재,불확실,불확실
12,그렇다면 서울·수도권 여러 지역 중 눈여겨볼 만한 곳은 어디일까.,대화형,대화형,미정,긍정,현재,현재,불확실,불확실
13,그 이유는 뭘까.,대화형,대화형,미정,긍정,현재,현재,불확실,불확실
14,핵무기로 세상을 위협하는 북한이 가장 두려워하는 것이 뭘까?,대화형,대화형,미정,긍정,현재,현재,불확실,확실
15,그곳에도 골목은 있을까?,대화형,대화형,미정,긍정,현재,현재,불확실,불확실
16,어떤 스윙일까요.,대화형,대화형,미정,긍정,현재,현재,불확실,불확실
17,"과연 지금 한국의 기업, 사회, 국가는 어느 쪽에 가까울까?",대화형,대화형,미정,긍정,현재,현재,불확실,불확실
18,그럼 주목할 만한 종목으로는 어떤 것이 있을까요.,대화형,대화형,미정,긍정,현재,현재,불확실,불확실
19,근래 들어 동물 소재 영화가 범람하는 이유는 무엇일까.,대화형,대화형,미정,긍정,현재,현재,불확실,불확실
20,＂혈액방사선조사기란 무엇인가?＂,대화형,대화형,미정,긍정,현재,현재,불확실,확실
21,"아침에 일어나서 잠이 들 때까지 스크린을 통한 정보를 뇌에 입력받으며 정보의 홍수 속에 살아가는 정보화 시대. 과연 하루 동안 내리는 다양한 의사결정의 주체는 과연 ＇나＇일까, 아니면 나의 뇌 속에 들어와 있는 ＇정보＇일까.",대화형,대화형,미정,긍정,현재,현재,불확실,불확실
22,＂산모나 신생아 치료는?＂,대화형,대화형,미정,긍정,현재,현재,불확실,불확실
23,송 큐레이터는 지인들과 작품 소유 정리에 실패한 것일까?,대화형,대화형,미정,긍정,현재,현재,불확실,불확실
24,그런데 필자만의 편견일까?,대화형,대화형,미정,긍정,현재,현재,불확실,불확실
25,유독 사망자가 중국에서만 나오는 이유가 뭘까?,대화형,대화형,미정,긍정,현재,현재,불확실,불확실
26,＂향후 국내 보급 계획은?＂,대화형,대화형,미정,긍정,현재,현재,불확실,불확실
27,그렇다면 국회의원은 지역구의 민원 창구라는 말일까?,대화형,대화형,미정,긍정,현재,현재,불확실,불확실
28,＂환자 입장에서 편의성이나 안전성 등은 어떤가?＂,대화형,대화형,미정,긍정,현재,현재,불확실,불확실
0,또 어찌 부인이 마땅히 할 일이 아니라 하여 책망할 것인가.,대화형,대화형,부정,긍정,과거,현재,불확실,확실
0,그러면 왜 정통 의학에서는 레이어트릴을 항암제로 인정하지 않으려는 것일까,대화형,대화형,부정,긍정,현재,현재,불확실,불확실
1,길쭉한 쌀과 튀겨놓은 조가 비슷할 수조차 없지 않겠나.,대화형,대화형,부정,긍정,현재,현재,불확실,확실
2,＂노인일자리 증가를 비판하는 게 지겹지도 않으냐.＂,대화형,대화형,부정,긍정,현재,현재,불확실,확실
3,단기 조정은 있을 수 있지만 지난해 11월 이후와 같은 하락장이 나올 가능성은 많지 않습니다.,대화형,추론형,부정,부정,현재,미래,불확실,불확실
4,아! 어찌 부인의 필치라고 소홀히 다뤄져서야 되겠는가.,대화형,대화형,부정,긍정,현재,현재,불확실,확실
117,다만 ＂항소를 취하하더라도 관련 내용이 이미 대통령지정기록물로 이관되어 이전 정부 국가안보실에서 관리하던 해당 정보를 공개하는 것은 현재로서는 어려운 상황＂이라면서 ＂진실규명을 포함해 유가족 및 국민의 눈높이에 맞는 충분한 조치를 취할 수 없는 상황을 유감스럽게 생각한다＂고 했다.,사실형,대화형,긍정,부정,과거,현재,불확실,확실
19,"27~28일 이틀간 11번가의 ＇모바일 장보기＇ 매출은 23~26일 일평균 대비 생필품(218%), 신선식품(209%), 가공식품(181%)이 높은 신장률을 보였다.",사실형,사실형,긍정,긍정,과거,과거,불확실,확실
82,"당초 사용자들이 스스로 발견한 ＇딜＇들을 올릴 것이라고 생각을 했지만, 초기에는 아무도 올리지 않아 직접 딜을 찾아 올렸다.",사실형,추론형,긍정,긍정,과거,과거,불확실,확실
97,"총책임자인 부위원장이 3개월째 공석인데다, 대면회의는 단 한번도 열지 않은 것으로 알려졌다.",사실형,추론형,긍정,부정,과거,과거,불확실,확실
56,경기 침체가 발생하는 즉시 중앙은행이 또 다시 대대적인 경기 부양책을 펼 것으로 예상하며 이로 인해 통화 가치 훼손이 우려된다고 덧붙였다.,사실형,추론형,긍정,부정,과거,미래,불확실,불확실
12,그 결과 자세를 바꿔 가며 일한 그룹에서 등과 목 통증이 절반 이상 줄고 컨디션도 호전되었다.,사실형,사실형,긍정,긍정,과거,과거,불확실,확실
132,유산균이 살아서 장까지 도달하는 데 큰 역할을 하는 것으로 알려졌다.,사실형,추론형,긍정,긍정,과거,과거,불확실,불확실
65,또 등록 대상 동물을 현행 반려견에서 단계적으로 모든 개로 확대하는 방안도 적극 검토하기로 했다.,사실형,사실형,긍정,긍정,과거,미래,불확실,확실
66,폴란드와도 협상을 진행하고 있는 것으로 알려졌다.,사실형,추론형,긍정,긍정,과거,현재,불확실,불확실
18,"이어 ＂보직심의 등 심의위원들이 참석한 자리에서 허위사실을 유포하며 본인의 생각대로 보직 조정이 되게 유도했다＂며 ＂장기복무나 진급 등을 빌미로 본인을 직접 ＇꼰대＇라고 언급하며 본인의 성향을 맞추고 눈에 들어야 장기복무, 진급을 할 수 있다는 뉘앙스로 압박했다＂고 말했다.",사실형,대화형,긍정,부정,과거,과거,불확실,확실
51,회당 300t가량의 물이 사용되는 것으로 알려졌다.,사실형,사실형,긍정,긍정,과거,현재,불확실,불확실
78,영락제는 고려인이었던 공비의 아들이라는 설이 파다했다.,사실형,추론형,긍정,긍정,과거,과거,불확실,불확실
94,게임 이용자가 선택할 수 있는 직업 역시 기존 디아블로 시리즈의 것을 그대로 따왔다.,사실형,,긍정,,과거,,불확실,
133,회당 300t가량의 물이 사용되는 것으로 알려졌다.,사실형,사실형,긍정,긍정,과거,현재,불확실,불확실
100,이로써 클럽 헤드의 불필요한 움직임을 50% 감소시켜 전작 대비 4야드 정도 비거리를 향상시킬 수 있었다고 한다.,사실형,추론형,긍정,긍정,과거,과거,불확실,불확실
64,이 과정에서 발전된 제작 툴과 소스들의 도움을 많이 받았다고 한다.,사실형,추론형,긍정,긍정,과거,과거,불확실,불확실
27,"이어 ＂국산품 온라인 해외판매 제도의 원활한 시행을 위해 플랫폼 개발, 해외배송 인프라 구축 등 업계 차원의 준비를 차질없이 진행해달라＂고 당부했다.",사실형,대화형,긍정,긍정,과거,과거,불확실,확실
69,현재 관련 펀딩은 시작 나흘 만에 목표금액 3억원을 채운 것으로 알려졌다.,사실형,사실형,긍정,긍정,과거,과거,불확실,확실
125,창업을 하지 않을 수 없었다.,사실형,추론형,긍정,긍정,과거,과거,불확실,확실
73,저축은행권이 경쟁적으로 예금금리를 올리는 것은 금융위원회의 유동성 규제가 크게 작용하는 것으로 알려졌다.,사실형,추론형,긍정,긍정,과거,과거,불확실,확실
11,아울러 검찰은 블록체인에 기록된 전자지갑 내 암호화폐 거래 내역 분석을 통해 테라폼랩스의 자금흐름을 추적할 계획이며 이를 위해 최근 대검찰청에서 가상자산 관련 전문가를 파견받은 것으로 알려졌다.,사실형,사실형,긍정,긍정,과거,과거,불확실,확실
119,이달말까지 온라인으로 작품을 구입하면 작품가 10% 할인혜택도 제공한다고 덧붙였다.,사실형,사실형,긍정,긍정,과거,과거,불확실,확실
110,모두 미국 대통령 선거와 관련한 시기였다.,사실형,사실형,긍정,긍정,과거,과거,불확실,확실
113,"그리고 백여 년이 흘러 아계 이산해, 1539~1609가 북인의 영수로서 영의정에 오르면서 다시 집안이 다시 일어난다.",사실형,사실형,긍정,긍정,과거,과거,불확실,확실
55,이어 ＂환성이는 1997년 ＇깨비깨비＇로 활동하던 시절 방송국 화장실에서 처음 얘기를 나누었고 NRG 멤버 합류를 권유했다＂며 ＂나는 그 누구보다도 환성이를 그리워했다＂고 심경을 전했다.,사실형,대화형,긍정,긍정,과거,과거,불확실,확실
45,게다가 대주주가 대량 매도하며 ＇주가가 고점을 찍었다＇는 신호로 해석됐다.,사실형,추론형,긍정,긍정,과거,과거,불확실,확실
9,이 회사는 투자 용도로 비트코인을 빌렸으나 최근 가격 폭락에 따른 추가 증거금 납입 요구를 충족하지 못해 대부업체에 제공했던 담보 자산을 강제 청산당한 것으로 알려졌다.,사실형,추론형,긍정,부정,과거,과거,불확실,불확실
4,심지어 잠잘 때도 책을 베고 잤다.,사실형,,긍정,,과거,,불확실,
26,대체복무 기간과 고역의 정도가 과하다고 판단한 셈이다.,사실형,추론형,긍정,긍정,과거,과거,불확실,확실
124,낮 최고기온은 26∼34도로 예보됐다.,사실형,사실형,긍정,긍정,과거,미래,불확실,확실
31,민주당도 공화당의 철벽 수비를 예상했을 것이다.,사실형,추론형,긍정,긍정,과거,미래,불확실,불확실
98,A씨는 지난달 24일부터 미열증상이 있었고 전일 진단검사를 받은 것으로 알려졌다.,사실형,사실형,긍정,긍정,과거,과거,불확실,확실
36,거기에 대관람차를 따분하게 여겼던 세대들도 점차 아찔한 초스피드 놀이 기구보다는 유유자적한 대관람차를 원하기 시작한 것이다.,사실형,추론형,긍정,긍정,과거,과거,불확실,확실
16,시공간의 흐름을 내포했다고 한다.,사실형,추론형,긍정,긍정,과거,과거,불확실,불확실
10,＂100% 안전하고 큰 회사여서 위험률이 제로(0)라는 말을 듣고 투자했다＂는 내용 등이다.,사실형,사실형,긍정,긍정,과거,과거,불확실,확실
93,"그립감이 뛰어난 원통형의 텀블러 디자인이며, 휴대하기 쉽게 스트랩도 적용됐다.",사실형,사실형,긍정,긍정,과거,과거,불확실,확실
111,또 기존에 클래스별로 남녀 중 1종씩만을 지원하기로 했던 것에서 남녀 확장이 가능하도록 변경됐다고 한다.,사실형,추론형,긍정,긍정,과거,과거,불확실,불확실
42,"9일(현지시간) 미국 증권거래위원회(SEC)는 권도형 CEO를 상대로 소비자보호법 위반 여부, 자금 세탁 의혹 등에 대해 수사에 나선 것으로 알려졌다.",사실형,사실형,긍정,긍정,과거,과거,불확실,불확실
118,"아마존웹서비스(AWS), 마이크로소프트(MS), 구글 같은 전 세계 정보기술(IT) 기업과 경쟁에서 충분한 입지를 확보했다.",사실형,사실형,긍정,긍정,과거,과거,불확실,확실
127,이어 ＂어제 있었던 나쁜 예시에 대해 사과한다＂고 미안함을 전했다.,사실형,대화형,긍정,긍정,과거,과거,불확실,확실
96,"제이 햇필드 인프라스트럭처캐피털 최고투자책임자(CIO)는 ＂2만달러는 중요한 기술적 저지선이었고, 이것이 무너지면서 더 많은 마진콜과 강제 청산을 초래해 올해 1만달러 아래로 떨어질 수도 있다＂고 전망했다.",사실형,추론형,긍정,긍정,과거,미래,불확실,불확실
60,"NDC22는 강연 영상을 모두 공개 제공해 업계 종사자는 물론 취업 준비생들이 시간, 물리적 제약 없이 양질의 강연을 들을 수 있게 했다.",사실형,추론형,긍정,긍정,과거,과거,불확실,확실
0,우리나라는 1997년부터 대상국에 포함됐다.,사실형,사실형,긍정,긍정,과거,과거,불확실,확실
84,그때도 1800장의 흙 기와와 건축 자재들을 일일이 사람 손으로 나르고 올려 복원했다고 한다,사실형,사실형,긍정,긍정,과거,과거,불확실,확실
28,각각 30~40대씩 맞았는데 그중 일부는 발가락이 떨어져 나갔다고 한다.,사실형,추론형,긍정,부정,과거,과거,불확실,불확실
40,최대 가방 용량도 1200칸에서 1400칸으로 늘렸다.,사실형,사실형,긍정,긍정,과거,과거,불확실,확실
86,실제 ER 팀의 캐릭터 유닛 리깅 담당들은 전원 스크립트 및 툴 제작이 가능한 개발자로 구성됐다고 한다.,사실형,추론형,긍정,긍정,과거,과거,불확실,불확실
24,또 이동과 아이템 파밍 등에 도움을 주는 영물과 탈것도 마련됐다.,사실형,사실형,긍정,긍정,과거,과거,불확실,확실
25,이 자리에는 우리은행 사외이사들도 함께한 것으로 알려졌다.,사실형,사실형,긍정,긍정,과거,과거,불확실,불확실
23,현재 뒤늦게 교수 중에서 후임자를 물색하고 있는 것으로 알려졌다.,사실형,추론형,긍정,긍정,과거,현재,불확실,불확실
69,상품 대금을 6주에 걸쳐 4번으로 나눠서 납부하는 방식으로 서비스를 제공할 예정이다.,사실형,사실형,긍정,긍정,미래,미래,불확실,확실
190,"현대제철은 본원적 경쟁력에 방점을 두고 최적생산, 최고수익 실현을 통한 질적 성장을 추구할 계획이다.",사실형,예측형,긍정,긍정,미래,미래,불확실,불확실
181,"고양시는 오는 5월까지 영상문화단지 기본 구상과 타당성 검토를 마친 뒤 2022년 그린벨트 해제, 도시개발구역 지정·계획 수립, 2023년 설계, 토지 보상 등을 거쳐 2026년 단지 조성을 완료할 예정이다.",사실형,예측형,긍정,긍정,미래,미래,불확실,불확실
9,"또 새로운 스토리와 지역, 던전, 신규 보스를 지속 추가하며 콘텐츠를 늘려갈 예정이다.",사실형,예측형,긍정,긍정,미래,미래,불확실,불확실
127,우승을 차지해야 도쿄올림픽 출전권을 따낼 수 있다.,사실형,,긍정,,미래,,불확실,
109,해당 기부금은 긴급구호세트 및 구호 물품으로 구호가 필요한 지역에 전달할 예정이다.,사실형,사실형,긍정,긍정,미래,미래,불확실,확실
229,여기에 보다 다양한 이용자층을 확보하기 위한 노력의 경험도 들어볼 수 있다.,사실형,대화형,긍정,긍정,미래,현재,불확실,확실
93,특히 박경의 SNS에서 언급된 그룹 바이브의 소속사 메이저나인은 7일 오후 음원 사재기 의혹을 해명하는 설명회를 열어 해당 논란에 대해 입장을 밝힐 계획이다.,사실형,사실형,긍정,긍정,미래,미래,불확실,확실
150,아이덴티티게임즈와 관계사 액토즈소프트의 경우 지난달 28일부터 재택근무를 시행해왔으며 질병관리본부와 협력해 확산우려를 최소화할 예정이다.,사실형,사실형,긍정,긍정,미래,과거,불확실,확실
15,이런 변화는 손해율 안정화를 통한 수익성 개선과 더불어 장기보장성보험 비중 확대를 통한 성장성도 높일 것으로 기대되고 있다.,사실형,예측형,긍정,긍정,미래,미래,불확실,불확실
226,"전국재해구호협회는 해당 성금을 방호 물품, 진단키트 등 의료물품 부족 상황에 직면한 전국 의료진들과 의료·복지 시설 방역 지원에 사용할 예정이다.",사실형,사실형,긍정,긍정,미래,미래,불확실,확실
55,＇삼성카드 taptapO 카드＇는 기본 할인 영역과 자신에게 맞는 할인 영역을 선택해 혜택을 두루 챙길 수 있다.,사실형,추론형,긍정,긍정,미래,현재,불확실,불확실
192,따라서 사용자들은 주체적으로 본인의 콘텐츠를 교류할 사람들을 설정하고 관리할 수 있어 보다 안전한 플랫폼 환경을 보장받을 수 있다.,사실형,추론형,긍정,긍정,미래,미래,불확실,불확실
30,북미 배급사 네온은 상영관 수를 현재 1060개에서 이번 주말 2000개 이상으로 늘릴 예정이어서 ＇기생충＇은 외국어 영화로는 이례적인 흥행 수입을 올릴 것으로 보인다.,사실형,예측형,긍정,긍정,미래,미래,불확실,불확실
222,지난해 수출이 바닥으로 추락한 기저 효과에 올해 글로벌 반도체 시장이 지난해보다 5~12% 증가할 것으로 예상된다는 전망에서다.,사실형,예측형,긍정,긍정,미래,미래,불확실,불확실
148,이정은도 이달 태국으로 건너가 동계훈련을 마무리한 뒤 2월 첫째 주 호주에서 열리는 ISPS 한다 빅오픈에 출전할 예정이다.,사실형,예측형,긍정,긍정,미래,미래,불확실,불확실
19,정부는 항공우주청 설립을 약속하는 등 산업을 키우기 위해 전폭적인 지원을 할 계획이다.,사실형,사실형,긍정,긍정,미래,미래,불확실,확실
112,＇크레센트＇는 티어-3 승급과 신규 얼티밋 스킬을 획득할 수 있다.,사실형,사실형,긍정,긍정,미래,현재,불확실,불확실
227,올 하반기에는 ＇카드 포인트 통합 현금화 시스템＇이 가동된다.,사실형,사실형,긍정,긍정,미래,미래,불확실,확실
24,"＇대한민국 게임사가 여는 새로운 세상＇을 주제로 컴투스홀딩스, 엑스엘게임즈 등 블록체인, NFT 관련 사업을 진행 중인 다양한 기업의 강연이 진행된다.",사실형,사실형,긍정,긍정,미래,현재,불확실,확실
225,현재 미국에서 개인 훈련 중인 김재환은 1월 중순에 입국할 예정이다.,사실형,예측형,긍정,긍정,미래,미래,불확실,불확실
10,큰 행사가 있으면 임금은 정복인 곤룡포를 입고 옥을 늘어뜨린 면류관을 쓴다.,사실형,사실형,긍정,긍정,미래,현재,불확실,확실
95,또한 실제 라운드에서 들을 수 있을 법한 뛰어난 음향 효과를 통해 생동감 있는 골프를 즐길 수 있다.,사실형,추론형,긍정,긍정,미래,현재,불확실,불확실
156,NFT와 부분유료화 게임이 만났을 때 낼 수 있는 기대 효과에 대해서도 논한다.,사실형,추론형,긍정,긍정,미래,현재,불확실,확실
204,물론 개인 통산 50승 고지에 오른 것도 신지애가 유일하지만 이제 세 번만 더 우승컵에 입맞춤을 하면 한동안 그 누구도 바라볼 수 없는 대기록을 완성한다.,사실형,추론형,긍정,긍정,미래,미래,불확실,확실
25,U-23 대표팀은 지난달 28일 말레이시아로 출국했으며 5일 태국 현지에 도착해 적응할 예정이다.,사실형,사실형,긍정,긍정,미래,과거,불확실,확실
86,"유방암 세포는 뼈, 폐, 간, 뇌 등 온 몸으로 전이될 수 있는데, 이때의 5년 상대생존율은 42.6%으로 낮아진다.",사실형,추론형,긍정,부정,미래,현재,불확실,확실
184,"격리 의무를 풀면 이달 말 확진자가 1만2000명, 7월말에는 3만9000명으로 늘어났다.",사실형,추론형,긍정,긍정,미래,과거,불확실,확실
84,강원도도 김진태 당선인 취임 이후 입주나 시민 공간 활용 등을 최종 결정할 방침이다.,사실형,사실형,긍정,긍정,미래,미래,불확실,확실
18,정부는 이번에 분양가 상한제 개편안도 함께 공개할 예정이다.,사실형,사실형,긍정,긍정,미래,미래,불확실,확실
147,"아울러 다수 확진자가 발생한 국가의 참가자 명단을 김해공항 검역단에 넘겨 입국 단계부터 점검하고, 호텔과 경기장 등 선수들이 주로 머무는 장소에서 발열과 호흡기 증상 여부를 수시로 확인할 방침이다.",사실형,사실형,긍정,긍정,미래,미래,불확실,확실
66,아파치6의 출시계획은 내년 1분기로 예정되어 있다.,사실형,사실형,긍정,긍정,미래,미래,불확실,확실
45,"파이골프 WGT 에디션은 좀처럼 방문이 어려운 페블비치, 세인트 앤드루스 등 20개 이상의 해외 명문 코스를 직접 돌아볼 수 있다.",사실형,사실형,긍정,긍정,미래,현재,불확실,확실
140,지루할 틈 없는 무대로 창작 뮤지컬의 힘을 확인할 수 있다.,사실형,추론형,긍정,긍정,미래,현재,불확실,불확실
125,최강 연맹전에 참가하지 않는 이용자들도 지지하기를 통해 특정 국가를 응원할 경우 지지한 국가의 최종 순위에 따라 국가대전 주화를 보상으로 받을 수 있다.,사실형,사실형,긍정,긍정,미래,미래,불확실,확실
171,"현재는 아름다운, 하이원, 비콘힐스 등 국내 61개, 중국 6개의 골프장을 실감나게 플레이할 수 있다.",사실형,사실형,긍정,긍정,미래,현재,불확실,확실
165,또한 언론 홍보에 취약한 작은 규모의 공연에 보도자료 릴리즈 및 SNS채널을 활용한 홍보도 함께 진행할 예정이다.,사실형,예측형,긍정,긍정,미래,미래,불확실,불확실
16,한국에서 열리는 건 이번이 처음으로 부산 대회에는 87개국에서 선수 1200여 명과 각국 탁구협회 관계자 등 3000여 명이 참가할 예정이다.,사실형,예측형,긍정,긍정,미래,미래,불확실,불확실
211,총 6개 강연이 준비돼 해당 프로젝트에 대한 넥슨의 기대감을 엿볼 수 있다.,사실형,추론형,긍정,긍정,미래,현재,불확실,불확실
178,＇갈라크론드의 부활＇은 하스스톤 1인 모험 본연의 형식으로 다시 돌아가 플레이어들이 미리 짜여진 덱을 사용해 고유한 우두머리 전투를 연달아 치르고 총 35장의 새로운 카드를 수집할 수 있다.,사실형,,긍정,,미래,,불확실,
162,대출한도는 임차보증금의 90% 범위 내 최대 2억원까지며 대출기간은 임대차 기간 내 1년이상 2년이내 만기일시상환 방식으로 이용할 수 있다.,사실형,사실형,긍정,긍정,미래,현재,불확실,확실
161,혈관직경이 2분의 1로 줄어들면 그 속을 지나가는 혈액의 양은 16분의 1로 줄어들게 된다.,사실형,추론형,긍정,긍정,미래,현재,불확실,확실
124,"순수하게 만든 만큼 천연비누로는 세안, 샴푸는 물론 설거지도 할 수 있다.",사실형,사실형,긍정,긍정,미래,현재,불확실,확실
60,이에 시장에서는 한은이 연말까지 잇따라 기준금리를 올릴 것으로 보인다며 자이언트 스텝 가능성까지 내다보고 있다.,사실형,추론형,긍정,긍정,미래,미래,불확실,불확실
200,"그 외 사용자들은 본인의 계정 공개 설정을 직접 선택하고, 콘텐츠별 개인정보 보호 설정도 다르게 적용할 수 있다.",사실형,사실형,긍정,긍정,미래,현재,불확실,확실
231,"해당 모드에서는 대전에 참여한 유저들 중 한 명이 강력한 ＇좀비킹＇으로 변해, 유저와 좀비 진영 간의 치열한 대결을 즐길 수 있다.",사실형,추론형,긍정,긍정,미래,현재,불확실,불확실
82,"안전운항을 위해 신형 항공기 도입도 국내 어떤 민간항공사보다 적극적인 가운데, 차세대 항공기로 주목 받고 있는 A321neo, B787 등과 같은 신형 항공기 100대를 주문 했으며, 이들은 올해부터 오는 2025년까지 순차적으로 도입될 예정이다.",사실형,사실형,긍정,긍정,미래,과거,불확실,확실
117,"노지랑골 사거리에서 몰고리재를 연결하는 이 길은 너덜구간, 숲길이 반복되는데, 노간주나무 고목, 조릿대 군락지 등을 지날 수 있다.",사실형,사실형,긍정,긍정,미래,현재,불확실,확실
146,"이에, 지난해 10월 말 국토교통부로부터 운항증명허가를 교부 받고 양양~제주 국내선과 양양~타이페이 국제선에 취항 중이며, 필리핀, 베트남 등으로 노선을 확대할 예정이다.",사실형,사실형,긍정,긍정,미래,과거,불확실,확실
215,이에 교육부는 첨단산업 분야에 한해 교수만 확보된다면 대학원 정원 증원을 위한 심사를 할 수 있도록 기준을 완화하기로 했다.,사실형,추론형,긍정,긍정,미래,미래,불확실,확실
95,"바쁜 일상에도 혈관 탄력을 사수하는, 매우 간단하면서도 효과가 뛰어난 운동이 있다.",사실형,사실형,긍정,긍정,현재,현재,불확실,확실
15,이곳에서 막걸리를 마시면 그리운 사람이 돌아온다.,사실형,추론형,긍정,긍정,현재,현재,불확실,확실
30,"손을 씻을 때 꼭 비누가 필요한 것은 아니지만, 문제는 기름기 또는 진한 오염 물질을 만졌을 때다.",사실형,추론형,긍정,긍정,현재,현재,불확실,확실
158,"이 책은 하이프 머신이 생산성 혁신, 사회 복지, 민주화, 건강, 연대 등을 안겨줄 수 있지만 동시에 통제하지 못한다면 민주주의와 경제, 공중위생에 치명상을 입힐 ＇양날의 칼＇이라 정의한다.",사실형,추론형,긍정,긍정,현재,현재,불확실,확실
128,"구축한 데이터를 기반으로 자율주행 셔틀, 배달 로봇, 드론 등을 운용할 수 있다.",사실형,추론형,긍정,긍정,현재,현재,불확실,불확실
115,"주 1회 병원 인근 교회, 성당과 연계해 예배와 미사도 진행한다.",사실형,사실형,긍정,긍정,현재,현재,불확실,확실
69,계면활성제에 대한 경계의 목소리가 커지자 포괄적 계면활성제를 가리키는 설페이트라는 용어를 사용하는 경향도 생겨나기 시작했다.,사실형,추론형,긍정,긍정,현재,과거,불확실,확실
170,하반기 부산 이전 계획이 본격화할 경우 본점에서 일하는 전문직이나 젊은 직원들을 중심으로 이탈 속도가 더 빨라질 것이란 관측이 나온다.,사실형,추론형,긍정,긍정,현재,미래,불확실,불확실
174,그래서 강한 향을 원하는 경우 주문 시 신중할 필요가 있다.,사실형,추론형,긍정,긍정,현재,현재,불확실,확실
45,이에 일부 이용자는 원작 ＇카트라이더＇의 물리엔진이 있으니 빨리 출시해달라는 의견을 내놓기도 한다고 한다.,사실형,대화형,긍정,긍정,현재,현재,불확실,불확실
66,2018 자카르타-팔렘방 아시안게임 금메달이라는 김 감독의 뛰어난 업적을 감안해도 이번만큼은 올림픽 본선행에 가시밭길이 예상된다.,사실형,추론형,긍정,긍정,현재,미래,불확실,불확실
182,최대 1500W의 풍성한 사운드 출력을 자랑한다.,사실형,사실형,긍정,긍정,현재,현재,불확실,확실
165,사운드가 정교하다는 뜻이다.,사실형,,긍정,,현재,,불확실,
78,문학을 하더라도 만약 온화하면 수명을 연장할 수 있으며 그림을 그려도 너무 기교만을 추구하면 단명하기도 한다.,사실형,추론형,긍정,긍정,현재,현재,불확실,불확실
186,"이들은 여러 셀럽, 브랜드와 함께 MZ세대 브랜딩과 바이럴 콘텐츠를 기반으로 하는 숏폼 소셜 계정 매니지먼트를 주력으로 한다.",사실형,사실형,긍정,긍정,현재,현재,불확실,확실
177,"전이성 유방암 치료는 암이 발생한 연령, 병리적 특성, 환자의 심리 상태 등을 고려해 수술, 방사선치료, 항암화학요법, 내분비요법 등이 활용된다.",사실형,사실형,긍정,긍정,현재,현재,불확실,확실
56,또한 1월 말까지 쥬라기월드 전시회를 평일 오후 2시 이전에 방문하면 본인에 한해 1만원에 이용할 수 있는 할인 쿠폰도 주어진다.,사실형,사실형,긍정,긍정,현재,현재,불확실,확실
152,속초해수욕장에 속초아이가 생겼다고 해서 후딱 가 보았다.,사실형,사실형,긍정,긍정,현재,과거,불확실,확실
82,그런데 말이다.,사실형,대화형,긍정,긍정,현재,현재,불확실,확실
68,무엇보다 지난달 5일 골든글로브 시상식 때 수상 소감은 명언으로 꼽힌다.,사실형,사실형,긍정,긍정,현재,과거,불확실,확실
124,"기획재정부는 내년 물가 상승률을 3%로 전망했는데, 내년 물가가 5%까지 뛸 수도 있다는 계산이 나온다.",사실형,추론형,긍정,긍정,현재,미래,불확실,불확실
16,"이 골목에서는 비교적 나중에 생긴 식당인데, 현재 손님 수로 보자면 인기 가게에 꼽힌다.",사실형,추론형,긍정,긍정,현재,현재,불확실,확실
148,2017년 치과의사들에게 헤리 시스템에 대한 강연회를 시작한 이래 기존 임플란트의 부작용을 해결한 이 시스템의 우수성을 공유하고 있는 치과들이 점점 늘어나고 있다.,사실형,사실형,긍정,긍정,현재,현재,불확실,확실
93,병원 생활의 활력을 더해주는 다양한 프로그램도 갖췄다.,사실형,사실형,긍정,긍정,현재,과거,불확실,확실
65,"공공시설물 위치 및 관리 상태 파악, 도심의 교통량 분석, 도로의 배수량 예상, 도시 정비 계획 수립도 가능하다.",사실형,사실형,긍정,긍정,현재,현재,불확실,확실
60,"저장 공간은 4GB, 메모리는 16MB다.",사실형,사실형,긍정,긍정,현재,현재,불확실,확실
84,신산업 기업들이 관련 전공 학부생 정원과 대학원 정원 증원을 정부에 계속 요구해온 이유이기도 하다.,사실형,추론형,긍정,긍정,현재,과거,불확실,확실
67,이렇게 건강에 좋은 산삼도 열이 많은 체질은 복용을 삼가야 하는 것으로 알려져 있다.,사실형,추론형,긍정,부정,현재,현재,불확실,불확실
125,스카이댄스와 협업하면서 네트워크를 강화해 글로벌 진출에 더욱 가속도를 내겠다는 전략으로 풀이된다.,사실형,추론형,긍정,긍정,현재,미래,불확실,불확실
132,시간이 흘러 일본 변기에는 ＇뇌가 달렸다＇는 평이 붙을 지경이다.,사실형,추론형,긍정,긍정,현재,현재,불확실,불확실
9,"투자, 배급사인 CJ ENM과 조율해 영화의 완성도를 끌어올린 주인공이기도 하다.",사실형,사실형,긍정,긍정,현재,현재,불확실,확실
18,단순히 자금만 대주는 벤처캐피털이 아닌 세계 진출의 징검다리 역할을 하고 선배 창업자들의 인적 네트워크를 제공하는 것을 표방한다.,사실형,사실형,긍정,긍정,현재,현재,불확실,확실
55,문제는 입원 치료의 적정성 여부를 어떻게 판단할 것인지다.,사실형,,긍정,,현재,,불확실,
75,"다수 외신은 이 작품이 국제영화상, 감독상, 각본상, 작품상 등 후보로 지명될 것으로 보고 있다.",사실형,추론형,긍정,긍정,현재,미래,불확실,불확실
150,다른 소셜미디어와 동영상 플랫폼들도 숏폼 시장에 속속 뛰어드는 중이다.,사실형,사실형,긍정,긍정,현재,현재,불확실,확실
104,화웨이가 아시아·태평양 지역에서 차지하는 영향력을 절감하게 했다.,사실형,추론형,긍정,긍정,현재,과거,불확실,확실
135,양 측면에는 듀얼 패시브 라디에이터가 적용되어 저음의 웅장함과 깊이를 더한다.,사실형,사실형,긍정,긍정,현재,현재,불확실,확실
137,현재 전북도 관계자는 ＇기생충＇ 세트장 복원을 위해 배급사인 CJ 측과 접촉하고 있는 것으로 알려졌다.,사실형,사실형,긍정,긍정,현재,현재,불확실,확실
164,일부 영재교육원은 사실상 지원만 하면 합격하는 수준으로 전락했다고 전한다.,사실형,추론형,긍정,부정,현재,과거,불확실,불확실
76,무선 제어 기능을 활용하면 최대 30m 떨어진 곳에서도 원격으로 조작할 수 있다.,사실형,추론형,긍정,긍정,현재,현재,불확실,불확실
79,40평대 이상 넓은 면적의 준신축 아파트 역시 상대적으로 오를 여지가 있다.,사실형,추론형,긍정,긍정,현재,미래,불확실,불확실
197,랜드로버 디펜더 모델 가격은 8000만~1억원 수준인 것으로 알려져 있다.,사실형,추론형,긍정,긍정,현재,현재,불확실,불확실
38,전문가 대부분은 정비사업 활성화가 집값 상승에 긍정적으로 작용할 것이라고 본다.,사실형,추론형,긍정,긍정,현재,미래,불확실,불확실
24,이에 ＇기생충＇은 중국과 미국(＇패션 오브 크라이스트＇) 영화를 제외하곤 비영어 작품이 가닿은 적 없는 5억달러대 매출까지 가능하다는 관측이 나온다.,사실형,추론형,긍정,긍정,현재,미래,불확실,불확실
122,하지만 일각에서는 신종 코로나 이슈가 장기적으로 지속되더라도 코스피에 미치는 파급은 제한적일 것이라는 예측도 나온다.,사실형,추론형,긍정,긍정,현재,미래,불확실,불확실
195,만약 운전자가 믿음이 가지 않으면 비교 견적 차원에서 다른 정비 업소를 들러보기도 한다.,사실형,추론형,긍정,긍정,현재,현재,불확실,확실
29,"산지 습지, 너덜바위 지대, 떡갈나무숲 등을 지날 수 있다.",사실형,사실형,긍정,긍정,현재,현재,불확실,확실
19,"또한 침실, 거실, 주방등 공간을 인식해 공간 특성에 적합한 흡입력과 물청소 강도를 조절한다.",사실형,사실형,긍정,긍정,현재,현재,불확실,확실
143,일각에서는 해리 왕손이 영연방 국가인 캐나다에 여왕을 대리하는 직책인 총독으로 임명될 수 있다는 설도 나오고 있다.,사실형,추론형,긍정,긍정,현재,미래,불확실,불확실
86,"유유히 흐르는 낙동강과 소나무 숲의 향기, 깎아지른 절벽 등 환상적인 자연 풍광에 매료된 것이다.",사실형,추론형,긍정,긍정,현재,과거,불확실,확실
0,연내 중국 내 주요 도시의 랜드마크를 중심으로 5호점까지 늘릴 계획이다.,사실형,사실형,미정,긍정,미래,미래,불확실,확실
1,모집 기간은 다음달 5일까지며 인터뷰 및 초빙 설명회는 다음달 10일 서울에서 진행될 예정이다.,사실형,사실형,미정,긍정,미래,미래,불확실,불확실
2,"부트캠프에서는 게임 개발, 디자인, 비즈니스 개발, 유저 확보 및 수익화, 게임 테스팅 워크샵, 리더십 트레이닝 등 다양한 세션이 진행될 예정이다.",사실형,사실형,미정,긍정,미래,미래,불확실,불확실
3,게임의 스토리를 진행할수록 각 캐릭터에게 영감을 준 실존 경주마의 특성과 성격을 잘 고증하는 세계관도 확인할 수 있다.,사실형,추론형,미정,긍정,미래,현재,불확실,확실
4,"미국이 0.75%포인트 금리 인상에 나설 경우, 미국의 기준금리 상단이 1.75%가 돼 한국의 기준금리와 같아지게 된다.",사실형,추론형,미정,긍정,미래,미래,불확실,확실
5,국내 게임 시장의 최고 인기 장르 중 하나인 MMORPG에 등장하는 캐릭터는 어떻게 개발될까.,사실형,대화형,미정,긍정,미래,현재,불확실,불확실
6,이 기술이 구현되면 배드민턴을 배우는 사람들이 제대로 셔틀콕을 쳤는지 스스로 점검이 가능한 시스템이 만들어진다.,사실형,추론형,미정,긍정,미래,미래,불확실,확실
7,장인은 노점을 개설해 다른 이용자에게 아이템을 판매하고 재화를 획득할 수도 있다.,사실형,추론형,미정,긍정,미래,현재,불확실,불확실
8,"둘째, 콘택트렌즈도 너무 오래 쓰면 안구건조증의 원인이 될 수 있다.",사실형,추론형,미정,긍정,미래,현재,불확실,불확실
9,전장에 배치된 구조물을 파괴해 유불리를 전환할 수도 있다.,사실형,추론형,미정,긍정,미래,미래,불확실,불확실
10,"병원에 전달된 후원금은 방호복, 마스크, 손세정제 등의 부족으로 어려움을 겪고 있는 현장 의료진들의 방역 물품을 지원하는 데 우선적으로 쓰이며 환자 치료를 위한 의료 기기 구비 및 확산 방지를 위해 노력하는 의료진 활동 등에 사용될 예정이다.",사실형,사실형,미정,긍정,미래,미래,불확실,불확실
11,"＇휴식＇, ＇외출＇, ＇양호실＇을 선택하거나 육성 과정에서 적성의 ＇스킬＇을 획득할 수도 있다.",사실형,,미정,,미래,,불확실,
12,"또한, KC-330은 오는 14일 개최되는 한미 안보협의회의(ROK-US Security Consultative Meeting, SCM) 참석하는 우리 대표단(단장 서욱 국방장관)을 태우고 태평양을 건너갈 예정이다.",사실형,예측형,미정,긍정,미래,미래,불확실,불확실
13,＂＇디지털 미디어렙(광고매체 판매 대행사)＇을 넘어 ＇넘버원 디지털 마케팅 플랫폼 기업＇으로 도약할 것이다.＂,사실형,예측형,미정,긍정,미래,미래,불확실,불확실
14,치료 시기를 놓치면 증상이 점차 악화할뿐더러 심한 경우 실명으로 이어질 수 있다.,사실형,추론형,미정,긍정,미래,미래,불확실,불확실
15,이미 농축산물 가격이 고공행진을 벌이는 상황이라 정부 대책이 얼마나 효과를 거둘지는 미지수다.,사실형,추론형,미정,긍정,미래,현재,불확실,불확실
16,한 호남권 과학고 교장은 ＂5~6년 전까지는 입학생 100명 중 10명가량이 매우 뛰어난 실력을 보였다＂며 ＂하지만 최근에는 그 비율이 100명 중 5명 정도로 줄어든 것 같다＂고 전했다.,사실형,대화형,미정,긍정,미래,과거,불확실,불확실
17,＇양식장＇에서 스시집에서 사용할 물고기를 기를 수 있고 미션 수행 실패 시 잃은 물고기를 어느 정도 회복할 수 있다.,사실형,사실형,미정,긍정,미래,현재,불확실,확실
18,이날 경북 내륙지방을 중심으로 낮 기온이 오르면서 후텁지근한 날씨가 이어지겠다.,사실형,사실형,미정,긍정,미래,미래,불확실,확실
19,특히 장인 랭킹을 통해 다른 이들이 만들 수 없는 아이템을 제작하거나 해당 서버에서만 가능한 아이템 제작을 맡을 수도 있다.,사실형,추론형,미정,긍정,미래,미래,불확실,불확실
20,FORT는 총 10억개가 공급되며 보유자는 재단의 거버넌스 투표에 참여할 수 있다.,사실형,사실형,미정,긍정,미래,현재,불확실,확실
21,유치가 썩어 충치가 되면 신경이 이어진 영구치 씨앗에 전이될 수 있다.,사실형,추론형,미정,긍정,미래,미래,불확실,불확실
0,"애써 오를 만한 산은 아니지만, 일생에 한 번은 가봐야 할 수행의 산길이라 할 수 있다.",사실형,추론형,미정,긍정,현재,현재,불확실,불확실
1,"그러나 최근에는 표적치료제의 등장으로 전이성 유방암 치료 성적이 크게 개선됐으며, 5년 이상의 장기 생존 역시 기대할 수 있게 됐다.",사실형,추론형,미정,긍정,현재,과거,불확실,확실
2,경찰은 박 씨가 앞서 달리던 화물차를 제대로 보지 못해 사고가 난 것으로 보고 있다.,사실형,추론형,미정,긍정,현재,현재,불확실,확실
3,여기에 한정된 코스트 내에서 별도 능력 ＇렙톤＇을 착용해 전략을 고도화할 수 있다.,사실형,추론형,미정,긍정,현재,현재,불확실,불확실
4,정 대표는 ＂세계적으로 사망률이 높은 만성질환인 뇌졸중에 대한 예방제 외에 삶의 질을 높여 주는 치매·알츠하이머 치료제 연구에도 성과를 높이겠다＂고 말했다.,사실형,대화형,미정,긍정,현재,미래,불확실,불확실
5,다른 쪽에 전시된 친환경 데이터센터 솔루션 부스에선 단순히 냉각수를 활용해왔던 기존 시스템보다 50% 에너지 절감 효과를 볼 수 있다고 했다.,사실형,추론형,미정,긍정,현재,과거,불확실,불확실
6,"이용자는 다른 세계 명마들의 이름과 영혼을 이어받아 꼬리와 귀, 초인적인 주력을 가진 ＇우마무스메＇와 함께 이들을 트레이닝하는 교육 기관 ＇트레센 학원＇의 신인 트레이너의 역할을 맡아 많은 ＇우마무스메＇의 목표인 ＇트윙클 시리즈＇에 활약하기 위해 고군분투하는 이야기를 경험할 수 있다.",사실형,사실형,미정,긍정,현재,현재,불확실,확실
0,그리고 호랑이 배를 갈라 남편의 뼈와 살을 끌어내어 장사를 치러주니 부인이 감격하여 눈물을 그칠 줄 몰랐다.,사실형,추론형,부정,긍정,과거,과거,불확실,확실
1,"이런 조치에서 비롯된 ＇풍선효과＇로 홍콩 보험사들이 자산가가 많으면서 통화가치가 불안한 한국을 겨냥, 본토 영업 공백을 메우려 했다는 해석이 나온다.",사실형,추론형,부정,긍정,과거,과거,불확실,불확실
2,중생의 복과 절의 중창을 위한 행사였으니 당연히 서산대사진법군고를 맞은 마을에서는 시주도 아끼지 않았을 것이다.,사실형,추론형,부정,긍정,과거,과거,불확실,불확실
3,봉은사가 기대감을 품던 반면 한전과 현대자동차그룹은 때 아닌 행정소송에 난처함을 감추지 못했다.,사실형,추론형,부정,긍정,과거,과거,불확실,확실
4,"25세 되던 선조 1년(1567) 진사시에 합격하지만 공부가 충분하지 못했는지, 대과에는 끝내 급제하지 못했다.",사실형,추론형,부정,부정,과거,과거,불확실,확실
5,삼성디스플레이 직원들에 대해선 영업비밀을 빼내려는 의도가 있다고 단정지을 수 없다고 봤다.,사실형,추론형,부정,부정,과거,과거,불확실,불확실
6,"하지만 이 자전거를 탄 아이가 우회전 구간에서 차 앞을 막고 ＂아저씨, 왜 따라다녀요?＂라고 물었고 차 운전자가 ＂우회전해야 해 나와＂라고 답했지만 자전거로 차 앞을 막고 비키지 않았다.",사실형,대화형,부정,긍정,과거,과거,불확실,확실
7,"여기서 아들은 선조가 총애한 의안군인지, 아니면 그 이전에 태어났으나 어린 시절 사망한 왕자인지는 파악되지 않는다.",사실형,추론형,부정,부정,과거,현재,불확실,불확실
8,전날 국내 증시에서 삼성전자는 8거래일 만에 반등하며 ＇6만전자＇ 붕괴를 피하는 듯했다.,사실형,추론형,부정,긍정,과거,과거,불확실,불확실
9,그런 그의 집에 도둑이 들 뻔했다.,사실형,추론형,부정,긍정,과거,과거,불확실,불확실
0,"기후변화 영향 평가 대상에서 신재생에너지 발전사업이 제외되면, 기존 탄소흡수원이 얼마나 줄어드는지에 대해 과학적이고 객관적인 접근이 불가능해진다.",사실형,추론형,부정,부정,미래,현재,불확실,확실
1,부산 입국 전까지 자국은 방문하지 않을 예정이다.,사실형,사실형,부정,부정,미래,미래,불확실,확실
2,최대 7주까지 먼지통을 비우지 않아도 된다.,사실형,사실형,부정,긍정,미래,현재,불확실,확실
3,미세먼지가 기승을 부리는 겨울부터 봄철까지는 수도권에서 노후 경유차는 다닐 수 없게 된다.,사실형,사실형,부정,부정,미래,미래,불확실,확실
4,숙박은 만만치 않지만 관람은 어렵지 않다.,사실형,추론형,부정,긍정,미래,현재,불확실,확실
5,"100ms 환경에서 자연스러운 모델을 만들 것, 너무 연산량이 많은 모델이 아닐 것이다.",사실형,추론형,부정,긍정,미래,미래,불확실,불확실
0,박탈성 건선은 은백색 각질과 붉은 반점이 전신에 나타나는데 이 건선은 심한 형태의 건선으로 치료를 받아도 예후가 좋지 않다고 한다.,사실형,추론형,부정,부정,현재,현재,불확실,불확실
1,좋은 툴이 많지만 모델링시 이를 고려해 제작한 것만큼 효과가 좋지는 않다고 한다.,사실형,추론형,부정,부정,현재,현재,불확실,불확실
2,아끼고 노심초사하며 쓰는 스피커가 아니다.,사실형,사실형,부정,부정,현재,현재,불확실,확실
3,초등학생 미만은 입장할 수 없다.,사실형,사실형,부정,부정,현재,현재,불확실,확실
4,셔츠는 거의 유행을 타지 않는다.,사실형,사실형,부정,긍정,현재,현재,불확실,확실
5,다만 해외에는 유사 사례가 없다.,사실형,사실형,부정,부정,현재,현재,불확실,확실
6,일년 내내 사용을 권하지만 오피스에서 일하는 도시 생활자라면 현실적으로 11월부터 2월까지는 크게 부담 가지지 않아도 된다.,사실형,추론형,부정,긍정,현재,현재,불확실,확실
7,하지만 라이크 커머스라는 거대한 트렌드 하에서 엿보이는 역기능도 적지 않다.,사실형,추론형,부정,부정,현재,현재,불확실,확실
8,차 바퀴가 절반 이상 파묻혀 운전자 힘으로는 갯벌에서 나오기 어려워 보인다.,사실형,추론형,부정,부정,현재,현재,불확실,불확실
9,사실 얼핏 봐서는 무엇이 소나무인지 눈잣나무인지 단박에 구별할 수는 없었다.,사실형,추론형,부정,부정,현재,과거,불확실,확실
10,"더불어시민당에 참여한 정당들이 선거에서 3% 이상 지지를 받을 수 있는 정당이라면 문제가 없지만, 그런 수준의 지지를 받기 어렵다면 오히려 표심이 과대 대표되는 현상이 나타난다.",사실형,추론형,부정,긍정,현재,현재,불확실,확실
0,2020년 한국경제연구원은 2025년 국내 4차 산업혁명 분야의 인력 부족률이 28.3%에 달할 것으로 예상했다.,예측형,추론형,긍정,긍정,과거,미래,불확실,불확실
1,양배추도 8㎏에 6000원으로 평년(3880원) 대비 50% 이상 급등할 것으로 전망했다.,예측형,예측형,긍정,긍정,과거,미래,불확실,불확실
2,미세먼지는 강원 영동을 제외한 모든 권역에서 ＇나쁨＇ 수준으로 예상됐다.,예측형,예측형,긍정,부정,과거,미래,불확실,불확실
3,"하지만 행동주의 심리학자 B F 스키너와 상의했다면 성장 과정의 실제 경험, 즉 사건을 살폈을 것이다.",예측형,추론형,긍정,긍정,과거,과거,불확실,불확실
4,강원 영동은 ＇보통＇ 수준으로 예상됐다.,예측형,예측형,긍정,긍정,과거,미래,불확실,불확실
5,오는 23일 0시 정식 서비스를 앞뒀다.,예측형,사실형,긍정,긍정,과거,과거,불확실,확실
6,무는 20㎏에 1만3000원으로 평년 1만60원 대비 30% 가량 오를 것으로 봤다.,예측형,추론형,긍정,긍정,과거,미래,불확실,불확실
7,이에 더해 신종 코로나 사태가 장기화될 조짐을 보임에 따라 비트코인이 주요 수혜자가 될 것으로 전망했다.,예측형,추론형,긍정,긍정,과거,미래,불확실,불확실
68,국가경찰위 역시 자체 자문단을 꾸리는 등 행보로 맞서고 있어 향후 행안부와의 권한 충돌 논란이 거세질 것으로 보인다.,예측형,추론형,긍정,긍정,미래,미래,불확실,불확실
108,코픽스 금리가 조정됨에 따라 시중은행의 코픽스 연동대출 금리도 곧 바뀔 전망이다.,예측형,예측형,긍정,긍정,미래,미래,불확실,불확실
31,실제 게임 매출 기반의 스테이킹 모델을 통해 이용자 참여와 합리적 보상 제공이 선순환되는 생태계를 구축하고 글로벌 사업 역량과 게임 운영 노하우를 더해 건강한 토큰 이코노미를 설계해나간다는 계획이다.,예측형,예측형,긍정,긍정,미래,미래,불확실,불확실
51,＇던전앤파이터 모바일＇이 실질적인 최고 기대작이라는 점에서 중국 시장에서의 성과에 관심이 쏠릴 전망이다.,예측형,추론형,긍정,긍정,미래,미래,불확실,불확실
95,사용자의 생체 정보부터 선호 정보까지 입력되면 그에게 맞는 맞춤식 전략이 도출되고 그 전략에 따라 AI가 추천 알고리즘으로 맞춤 식단과 운동 코칭 서비스를 제공하는 것도 가능해질 전망이다.,예측형,예측형,긍정,긍정,미래,미래,불확실,불확실
137,회계기준 등 문제로 2조원대로 평가받는 푸르덴셜생명을 혼자 인수하기는 쉽지 않을 것으로 예상된다.,예측형,예측형,긍정,부정,미래,미래,불확실,불확실
82,올해 13회를 맞는 MBN건강미박람회는 ＇브라보 앵콜 라이프＇를 슬로건으로 삼고 시니어를 위한 다양한 정보를 제공할 예정이다.,예측형,예측형,긍정,긍정,미래,미래,불확실,불확실
114,바다의 물결은 동해·서해· 남해 앞바다에서 모두 0.5∼1.0ｍ로 일겠다.,예측형,사실형,긍정,긍정,미래,미래,불확실,확실
134,올해 ＇보라＇ 플랫폼에 10여종의 P2E 게임을 선보일 계획이다.,예측형,사실형,긍정,긍정,미래,미래,불확실,확실
12,먼저 중소기업과 중견기업에 29조1000억원 규모의 경영자금을 추가로 지원해 기업의 자금난에 숨통을 틔울 예정이다.,예측형,,긍정,,미래,,불확실,
27,우크라이나 전쟁에 따른 EU의 LNG선 수요가 늘어난 점도 국내 조선사에 긍정적인 영향을 미칠 전망이다.,예측형,예측형,긍정,긍정,미래,미래,불확실,불확실
45,"수미감자(20㎏)는 지난해 6월 1만9000원 선에서 도매가격이 형성됐지만, 올해는 3만~3만3000원에 형성돼 최대 70% 넘게 가격이 뛸 거라는 전망이다.",예측형,예측형,긍정,긍정,미래,미래,불확실,불확실
19,"2030년까지 생산 설비에 3200억원 이상을 투자해 지능화 공정 시스템을 구축하고, 가상·증강현실부터 자동화·인공지능(AI) 기술 등이 적용된 미래형 조선소를 만들겠다는 복안이다.",예측형,추론형,긍정,긍정,미래,미래,불확실,확실
105,고농도 미세먼지는 대기 정체로 국내 발생 미세먼지가 축적되고 중국 등 다른 나라에서 유입되는 오염물질이 더해지면서 주말까지 계속될 것으로 예상된다.,예측형,예측형,긍정,긍정,미래,미래,불확실,불확실
111,16일부터는 스트리밍 플랫폼 트위치에서 ＇베일드 엑스퍼트＇의 ＇드롭스＇가 활성화된 방송을 1시간 시청할 때마다 한정판 요원 스킨을 획득 가능한 ＇스킨 박스＇ 선물 이벤트도 연다.,예측형,사실형,긍정,긍정,미래,미래,불확실,확실
139,개발과 관련한 기술적 경험은 물론 외부에 공개하지 않았던 신작의 세부 정보들이 강연을 통해 발표될 전망이다.,예측형,,긍정,,미래,,불확실,
26,"낮부터 저녁 사이에는 강원 남부내륙 산지와 충남 남동내륙, 충북, 전라동부, 경북권 내륙, 경남 북서내륙에 소나기가 내리고, 제주도에는 저녁부터 비가 내릴 것으로 전망된다.",예측형,예측형,긍정,긍정,미래,미래,불확실,불확실
136,KLPGA는 아시아 여자 골프의 허브로 발돋움하며 ＇대부분 맑고 화창한 날씨＇를 지속할 것으로 전망된다.,예측형,예측형,긍정,긍정,미래,미래,불확실,불확실
11,"중국의 봉쇄 조치가 점진적으로 완화되기 시작하고, 미국은 드라이빙 시즌에 진입하면서 휴가철 원유 수요 급증이 예상된다.",예측형,추론형,긍정,긍정,미래,미래,불확실,불확실
120,"특히 배우자에 대한 상담 프로그램을 개발해 지역노인보호 전문기관에 배포하고, 현장 대응력 강화를 위한 교육을 수행할 예정이다.",예측형,예측형,긍정,긍정,미래,미래,불확실,불확실
67,벌써 세계 증시가 3000조원 이상 떨어져 1차 충격을 준 다음 이제 9일 이후 실제 공장 가동이 가능하냐에 따라 실물경제에 피해가 드러날 것이다.,예측형,추론형,긍정,긍정,미래,미래,불확실,불확실
94,해외 석탄발전소와 광산 등도 처분해 1조9000억원을 마련할 계획이다.,예측형,사실형,긍정,긍정,미래,미래,불확실,확실
119,"BoB 11기는 200명 규모로 선발하며, 커리큘럼을 보안기술 단위로 세분화해 운영할 예정이다.",예측형,사실형,긍정,긍정,미래,미래,불확실,확실
109,＂미국 가상자산 규제 법안 적용 되면 다소 조정효과를 불러오겠지만 비트코인과 이더리움은 상품으로써 입지를 공고히 하게 될 것이다＂,예측형,추론형,긍정,긍정,미래,미래,불확실,불확실
66,향후 개발이 완료되면 상주인구만 20만명을 넘어설 것으로 예상된다.,예측형,예측형,긍정,긍정,미래,미래,불확실,불확실
4,"현장 심사 및 시연의 전 과정은 온라인을 통해 실시간 중계되며, 행사장에 방문한 관람객들은 게임 콘텐츠를 직접 체험할 수 있을 예정이다.",예측형,예측형,긍정,긍정,미래,미래,불확실,불확실
60,이 때문에 롯데카드처럼 사모투자펀드(PEF)와 함께 일부 지분을 투자하는 형태로 접근하거나 별도 사모펀드를 조성해 주요 지분을 갖는 방식을 취할 것으로 보인다.,예측형,추론형,긍정,긍정,미래,미래,불확실,불확실
42,서울 종로구에 거주하는 회사원 A씨는 8월에 폐암 수술을 받을 예정이다.,예측형,사실형,긍정,긍정,미래,미래,불확실,불확실
93,금요일인 3일은 전국에 구름이 가끔 많고 미세먼지가 짙게 낄 전망이다.,예측형,예측형,긍정,긍정,미래,미래,불확실,불확실
113,법무부는 7일에 이어 조만간 감찰위원회를 다시 열고 혐의 내용과 양정 등을 따져 결과를 징계위원회에 넘길 방침이다.,예측형,사실형,긍정,긍정,미래,미래,불확실,확실
16,"공인인증서의 독점적 지위가 사라짐에 따라 앞으로는 간편 비밀번호, 생체인증 등 다양한 인증수단이 활발하게 쓰일 것으로 예상된다.",예측형,예측형,긍정,긍정,미래,미래,불확실,불확실
18,코로나19 비상사태가 장기화돼 오는 11월 대통령 선거에서 트럼프 대통령 당선 가능성이 낮아지면 중국은 내수 부진을 이유로 의무 수입을 이행하지 않을 가능성이 있다.,예측형,추론형,긍정,부정,미래,미래,불확실,불확실
10,규제심판관은 100여 명의 민간 전문가로 구성하고 건별로 전문 분야에 맞춰 배정하는 방식이 될 전망이다.,예측형,예측형,긍정,긍정,미래,미래,불확실,불확실
36,토요일인 4일은 전국이 대체로 맑겠으나 중부 지방은 오전에 구름이 많겠다.,예측형,사실형,긍정,긍정,미래,미래,불확실,확실
55,＇이브닝플러스＇는 서울 여의도중앙점과 강남중앙점 2개점의 운영을 15일부터 시작해 8월 말에는 가산디지털점을 추가할 예정이다.,예측형,사실형,긍정,긍정,미래,미래,불확실,확실
64,15일 날씨는 전국이 대체로 맑겠으나 충남 서해안과 전북 서해안은 가끔 구름이 많을 전망이다.,예측형,예측형,긍정,긍정,미래,미래,불확실,불확실
112,또한 각 팀과 1:1로 매칭된 개발자 선배들과 온라인 멘토링을 통해 현장에서 갈고 닦은 생생한 지식을 전수 할 예정이다.,예측형,예측형,긍정,긍정,미래,미래,불확실,불확실
83,"또 토론토의 눈 덮인 뉴퀸 스트리트, 맨해튼 미드타운의 번화가 등 새로운 장소들도 등장하며 대칭형 전장 중앙의 로봇을 장악해 적진에 진격시키는 신규 모드 푸쉬(Push) 게임 모드도 만날 수 있다.",예측형,사실형,긍정,긍정,미래,미래,불확실,확실
104,미 연준의 빠른 긴축 시계에 더해 우리나라 역시 고물가에 직면하고 있는 만큼 큰 폭의 기준금리 인상이 불가피하다는 전망이 나온다.,예측형,예측형,긍정,긍정,미래,미래,불확실,불확실
73,특히 국민 생활과 밀접한 배달비와 주거비 통계를 더 강화한다는 계획이다.,예측형,사실형,긍정,긍정,미래,미래,불확실,확실
0,하지만 디아블로는 전통적으로 이용자가 직접 캐릭터를 조작해 악당을 물리치는 ＇타격감＇과 ＇손맛＇을 중시한 만큼 기존과 같이 수동 전투만을 지원한다는 계획이다.,예측형,사실형,긍정,긍정,미래,미래,불확실,확실
56,나아가 ＇부수자산＇이라는 개념을 도입해 NFT처럼 소위 그레이존에 위치한 가상자산에 대해서도 공시를 요구할 계획이다.,예측형,예측형,긍정,긍정,미래,미래,불확실,불확실
28,"이날 아침최저기온은 14~20도, 낮최고기온은 25~32도로 예상된다.",예측형,예측형,긍정,긍정,미래,미래,불확실,불확실
40,"하지만 2.75%가 점도표상 미국의 연말 예상 기준금리인 3.4%보다 낮기 때문에, 한은도 결국 한 차례 정도는 빅스텝을 밟지 않겠냐는 관측이다.",예측형,추론형,긍정,긍정,미래,미래,불확실,불확실
24,전역 후 첫 공식 무대가 될 전망이다.,예측형,예측형,긍정,긍정,미래,미래,불확실,불확실
25,콘진원은 게임개발 이외 인력이 부족한 중소게임사를 돕고자 게임 전담 PM을 배정해 해외진출 경험이 없더라도 해외에 게임을 출시할 수 있도록 전략 컨설팅을 기본적으로 제공할 예정이다.,예측형,예측형,긍정,긍정,미래,미래,불확실,불확실
127,"그는 이번 강연에서 놀이와 게임의 과거, 현재를 고찰하고 미래에 대한 고민을 펼칠 예정이다.",예측형,예측형,긍정,긍정,미래,미래,불확실,불확실
76,미세먼지 농도는 전 권역이 ＇좋음＇∼＇보통＇ 수준을 보이겠다.,예측형,예측형,긍정,긍정,미래,미래,불확실,불확실
65,"＇클로젯＇은 코로나19 확산 우려 속에도 100만 돌파를 앞두고 있으나 12일 개봉하는, 장유정 감독의 ＇정직한 후보＇와의 대결이 불가피해 보인다.",예측형,추론형,긍정,긍정,미래,미래,불확실,불확실
44,넥슨와 EA아시아스튜디오는 7일 중순 여름 대규모 업데이트를 통해 비슷한 수준의 클럽과 조건에서 실력으로만 겨루는 신규 모드 ＇어쎈틱 챌린지＇를 추가할 계획이다.,예측형,예측형,긍정,긍정,미래,미래,불확실,불확실
0,"바다의 물결은 동해 앞바다 0.5∼1.5ｍ, 서해 앞바다 0.5∼1.0ｍ, 남해 앞바다 0.5∼1.0ｍ로, 안쪽 먼바다(해안선에서 약 200㎞ 내의 먼바다)의 파고는 동해·서해·남해 0.5∼1.5ｍ로 예상된다.",예측형,예측형,긍정,긍정,현재,미래,불확실,불확실
1,또 원작 ＇히트＇ 이후의 세계관을 담은 MMORPG ＇히트2＇의 경우 원작보다 더욱 방대해진 세계관 속에서 이용자들이 장대한 여정에 오르는 느낌을 받을 수 있도록 구성한 음악의 탄생 배경과 작곡 과정을 설명할 예정이다.,예측형,사실형,긍정,긍정,현재,미래,불확실,확실
2,올해는 글로벌 경기 침체가 본격화되면서 금융·부동산 해외 투자는 큰 폭으로 줄어들 것으로 보인다.,예측형,예측형,긍정,부정,현재,미래,불확실,불확실
3,다만 정유 업계의 경우 2020년부터 선박의 황 함유량을 기존 3.5%에서 0.5%로 줄이는 국제해사기구(IMO) 규제가 시행되면서 저유황유에 대한 판매·수출이 지난해 4분기부터 조금씩 늘어나고 있는 만큼 일시적으로나마 숨통이 트일 것으로 전망하고 있다.,예측형,예측형,긍정,긍정,현재,미래,불확실,불확실
4,이에 대체재 격인 금 투자에 대한 관심은 더 높아질 것으로 전망된다.,예측형,예측형,긍정,긍정,현재,미래,불확실,불확실
5,인플레이션 공포가 스태그플레이션으로 옮겨 붙으면서 당분간 주식·채권·외환 시장 모두 약세장을 면치 못할 것으로 예상된다.,예측형,예측형,긍정,부정,현재,미래,불확실,불확실
6,이들 게임은 국내 구글 플레이 매출 톱10 진입이 예상되는 기대작이다.,예측형,예측형,긍정,긍정,현재,미래,불확실,불확실
7,지금까지는 RM이 윤형근 작가 소품을 구입한 것으로 알려졌지만 본격적인 컬렉터로 발전할 가능성이 높은 것으로 내다보고 있다.,예측형,추론형,긍정,긍정,현재,현재,불확실,불확실
0,제9호 태풍 ＇마이삭(MAYSAK)＇이 오는 2~3일 전국에 강한 바람과 함께 일부 지역에는 400㎜ 이상의 물폭탄이 예상된다.,예측형,예측형,미정,긍정,미래,미래,불확실,불확실
1,강원 내륙에도 짙은 안개가 끼는 곳이 있겠다.,예측형,사실형,미정,긍정,미래,미래,불확실,확실
2,"이튿날인 18일 아침최저기온은 19~23도, 낮최고기온은 26~32도를 기록할 전망이다.",예측형,예측형,미정,긍정,미래,미래,불확실,불확실
3,"숙박 O2O(Online to Offline, 온라인 기반 오프라인) 플랫폼 업계 1·2위를 차지하고 있는 야놀자와 여기어때가 작년 한 해 나란히 인수·합병(M&A)을 통해 몸집을 키우거나 중심을 잡아 나감에 따라 향후 이들 간에 경쟁이 더욱 치열해질 전망이다.",예측형,예측형,미정,긍정,미래,미래,불확실,불확실
4,한편 17일 낮 기온이 전날 대비 3~5도 내외로 올라 평년보다 조금 높겠다.,예측형,추론형,미정,긍정,미래,미래,불확실,불확실
5,"특히, 소나기가 내리는 지역에선 돌풍과 함께 천둥·번개가 치고 중부내륙 지역을 중심으로 우박이 떨어지는 곳이 있겠다.",예측형,사실형,미정,긍정,미래,미래,불확실,확실
6,"예상 강수량은 5∼40㎜로, 충남서해안과 전라권서부엔 5㎜ 내외의 비가 내리겠다.",예측형,사실형,미정,긍정,미래,미래,불확실,확실
7,해상에서는 서해상을 중심으로 돌풍과 함께 천둥·번개가 치는 곳이 있겠다.,예측형,사실형,미정,긍정,미래,미래,불확실,확실
8,"금요일인 17일은 전국에 구름이 많고 밤부터 차차 흐려지겠으며, 낮부터 밤 사이 서울과 경기 남부, 강원 중·남부 내륙, 충청권 내륙, 전북 동부, 전남 북부 내륙, 경상 서부 내륙에 소나기가 오는 곳이 있겠다.",예측형,사실형,미정,긍정,미래,미래,불확실,확실
9,17일 저녁 경기남부와 충청권을 중심으로 소나기가 내리는 곳이 있겠다.,예측형,사실형,미정,긍정,미래,미래,불확실,불확실
0,백 교수는 ＂국내에서는 전무하다시피 LP지분 세컨더리 시장이 본격 가동되고 중소형 M&A 시장이 활발해질 수 있게 세제 혜택이 뒷받침된다면 제2벤처붐이 지속될 수 있을 것＂이라고 내다봤다.,예측형,추론형,미정,긍정,현재,미래,불확실,불확실
1,"장마와 태풍, 여름이라는 계절적 요인으로 승용차 이용률도 증가하여 추위가 오면 점검을 미뤘던 고장이 증가할 것으로 예상된다.",예측형,예측형,미정,긍정,현재,미래,불확실,불확실
0,신종 코로나바이러스 감염증(우한 폐렴) 사태 수습과 내수 정상화에 힘써야 할 중국이 미국과 약속한 2000억달러(약 231조원) 추가 구매를 제대로 이행하기는 어려울 것이다.,예측형,추론형,부정,부정,미래,미래,불확실,불확실
1,확실히 백내장 진단을 받았어도 입원 치료를 받을 만큼 특별한 상황이었음을 입증하지 못하면 30만원 이상의 보험금을 받기 어려울 전망이다.,예측형,추론형,부정,부정,미래,미래,불확실,불확실
2,"결국 국내 은행들은 상대적으로 손쉬운 이자 장사에만 다시 몰두할 것이고, 외국인 투자자들은 한국 금융사를 더 이상 쳐다보지 않을 것이다.",예측형,추론형,부정,부정,미래,미래,불확실,확실
0,이달 24~27일(현지시간) 스페인 바르셀로나에서 열리는 세계최대 모바일 전시회 모바일월드 콩그레스(MWC)에 참가하는 국내 기업들도 줄어들 것으로 보인다.,예측형,예측형,부정,부정,현재,미래,불확실,불확실
